链接,标题,日期
http://chuansong.me/n/2544706925207,社交围猎00后,2018-09-12
http://chuansong.me/n/2544707025219,爱笑的丁磊运气不会太差，那网易游戏呢？,2018-09-12
http://chuansong.me/n/2544707125223,新生儿锐减，老牌服饰为何还要组团“杀入”童装？,2018-09-12
http://chuansong.me/n/2544707225906,抱团取“懒”,2018-09-11
http://chuansong.me/n/2544707325908,单田芳老爷子千古,2018-09-11
http://chuansong.me/n/2544707425934,【虎嗅晚报】明大校刊怼校方：对刘强东案不作为；警方：对徐明星展开调查,2018-09-11
http://chuansong.me/n/2544707525920,创始人声称被合伙人绑架，网秦还能更糟吗？,2018-09-11
http://chuansong.me/n/2544707625807,马老师的第一课,2018-09-11
http://chuansong.me/n/2544707725818,李飞飞确认离职，谁来接管谷歌云AI？,2018-09-11
http://chuansong.me/n/2544707825820,罗技说这个鼠标能挽救你的手腕，是这样吗？,2018-09-11
http://chuansong.me/n/2544707925808,滴滴消失的第一夜,2018-09-11
http://chuansong.me/n/2540149725405,京东红太阳,2018-09-10
http://chuansong.me/n/2540149825427,【虎嗅早报】马云或于今日宣布传承计划；冯小刚否认偷逃税,2018-09-10
http://chuansong.me/n/2540149925429,五月天阿信合伙人：穿我们Stayreal的T恤，不代表什么,2018-09-10
http://chuansong.me/n/2540150025421,战略解读：支付宝小程序从何而来，向何而去？,2018-09-10
http://chuansong.me/n/2540150125009,到哪里找那么好的人,2018-09-09
http://chuansong.me/n/2540150225017,如何通过拍黄片建立起一个互联网帝国,2018-09-09
http://chuansong.me/n/2540150325608,阿里不能没有马云,2018-09-09
http://chuansong.me/n/2540150425613,当商业大佬被卷入米兔的世界,2018-09-09
http://chuansong.me/n/2540150525210,中国折叠里的普通青春,2018-09-09
http://chuansong.me/n/2540150625216,中南文化如何一步步沦为私人提款机,2018-09-09
http://chuansong.me/n/2540150825612,洗澡是早上好还是晚上好？,2018-09-08
http://chuansong.me/n/2540150925922,资本做蛊，奶茶“入毒”，这届年轻人真危险了？,2018-09-08
http://chuansong.me/n/2540151025930,恭喜袁隆平等7位科学家，他们获得了2018年“未来科学大奖”,2018-09-08
